{
    "openapi": "3.0.0",
    "info": {
        "title": "Article API",
        "version": "1.0.0"
    },
    "paths": {
        "/api/articles": {
            "get": {
                "tags": [
                    "Articles"
                ],
                "summary": "Display a listing of the articles.",
                "operationId": "listArticles",
                "responses": {
                    "200": {
                        "description": "Successful response",
                        "content": {
                            "application/json": {
                                "schema": {
                                    "type": "array",
                                    "items": {
                                        "properties": {
                                            "id": {
                                                "type": "integer",
                                                "example": 41
                                            },
                                            "title": {
                                                "type": "string",
                                                "example": "First Article"
                                            },
                                            "content": {
                                                "type": "string",
                                                "example": "This is the content of the first article."
                                            },
                                            "created_at": {
                                                "type": "string",
                                                "format": "date-time",
                                                "example": "2024-07-30T16:34:55Z"
                                            },
                                            "images": {
                                                "type": "array",
                                                "items": {
                                                    "properties": {
                                                        "id": {
                                                            "type": "integer",
                                                            "example": 21
                                                        },
                                                        "article_id": {
                                                            "type": "integer",
                                                            "example": 44
                                                        },
                                                        "path": {
                                                            "type": "string",
                                                            "example": "articles/images/44/66a989fab82979.19152652.jpg"
                                                        },
                                                        "created_at": {
                                                            "type": "string",
                                                            "format": "date-time",
                                                            "example": "2024-07-31T00:48:59Z"
                                                        },
                                                        "updated_at": {
                                                            "type": "string",
                                                            "format": "date-time",
                                                            "example": "2024-07-31T00:48:59Z"
                                                        }
                                                    },
                                                    "type": "object"
                                                }
                                            }
                                        },
                                        "type": "object"
                                    }
                                }
                            }
                        }
                    },
                    "500": {
                        "description": "Server error"
                    }
                }
            }
        }
    },
    "tags": [
        {
            "name": "Articles",
            "description": "Articles"
        }
    ]
}